iss_date,COD_PROV,PROV_names,CASI_CUMULATIVI,file,iss_date_iso8601,file_date_iso8601,check
19/12/2020,1.0,TORINO,99930,COVID_19_ISS_open_data_2020-12-20_casi_provincie,2020-12-19,2020-12-20,0
19/12/2020,2.0,VERCELLI,7177,COVID_19_ISS_open_data_2020-12-20_casi_provincie,2020-12-19,2020-12-20,0
19/12/2020,3.0,NOVARA,14812,COVID_19_ISS_open_data_2020-12-20_casi_provincie,2020-12-19,2020-12-20,0
19/12/2020,4.0,CUNEO,26166,COVID_19_ISS_open_data_2020-12-20_casi_provincie,2020-12-19,2020-12-20,0
19/12/2020,5.0,ASTI,9268,COVID_19_ISS_open_data_2020-12-20_casi_provincie,2020-12-19,2020-12-20,0
19/12/2020,6.0,ALESSANDRIA,17018,COVID_19_ISS_open_data_2020-12-20_casi_provincie,2020-12-19,2020-12-20,0
19/12/2020,7.0,AOSTA,7017,COVID_19_ISS_open_data_2020-12-20_casi_provincie,2020-12-19,2020-12-20,0
19/12/2020,8.0,IMPERIA,6412,COVID_19_ISS_open_data_2020-12-20_casi_provincie,2020-12-19,2020-12-20,0
19/12/2020,9.0,SAVONA,6975,COVID_19_ISS_open_data_2020-12-20_casi_provincie,2020-12-19,2020-12-20,0
19/12/2020,10.0,GENOVA,34301,COVID_19_ISS_open_data_2020-12-20_casi_provincie,2020-12-19,2020-12-20,0
19/12/2020,11.0,LA SPEZIA,8084,COVID_19_ISS_open_data_2020-12-20_casi_provincie,2020-12-19,2020-12-20,0
19/12/2020,12.0,VARESE,48804,COVID_19_ISS_open_data_2020-12-20_casi_provincie,2020-12-19,2020-12-20,0
19/12/2020,13.0,COMO,31880,COVID_19_ISS_open_data_2020-12-20_casi_provincie,2020-12-19,2020-12-20,0
19/12/2020,14.0,SONDRIO,7991,COVID_19_ISS_open_data_2020-12-20_casi_provincie,2020-12-19,2020-12-20,0
19/12/2020,15.0,MILANO,167970,COVID_19_ISS_open_data_2020-12-20_casi_provincie,2020-12-19,2020-12-20,0
19/12/2020,16.0,BERGAMO,27495,COVID_19_ISS_open_data_2020-12-20_casi_provincie,2020-12-19,2020-12-20,0
19/12/2020,17.0,BRESCIA,39222,COVID_19_ISS_open_data_2020-12-20_casi_provincie,2020-12-19,2020-12-20,0
19/12/2020,18.0,PAVIA,23303,COVID_19_ISS_open_data_2020-12-20_casi_provincie,2020-12-19,2020-12-20,0
19/12/2020,19.0,CREMONA,13915,COVID_19_ISS_open_data_2020-12-20_casi_provincie,2020-12-19,2020-12-20,0
19/12/2020,20.0,MANTOVA,14930,COVID_19_ISS_open_data_2020-12-20_casi_provincie,2020-12-19,2020-12-20,0
19/12/2020,21.0,BOLZANO,26599,COVID_19_ISS_open_data_2020-12-20_casi_provincie,2020-12-19,2020-12-20,0
19/12/2020,22.0,TRENTO,19101,COVID_19_ISS_open_data_2020-12-20_casi_provincie,2020-12-19,2020-12-20,0
19/12/2020,23.0,VERONA,41976,COVID_19_ISS_open_data_2020-12-20_casi_provincie,2020-12-19,2020-12-20,0
19/12/2020,24.0,VICENZA,37289,COVID_19_ISS_open_data_2020-12-20_casi_provincie,2020-12-19,2020-12-20,0
19/12/2020,25.0,BELLUNO,12605,COVID_19_ISS_open_data_2020-12-20_casi_provincie,2020-12-19,2020-12-20,0
19/12/2020,26.0,TREVISO,41895,COVID_19_ISS_open_data_2020-12-20_casi_provincie,2020-12-19,2020-12-20,0
19/12/2020,27.0,VENEZIA,32323,COVID_19_ISS_open_data_2020-12-20_casi_provincie,2020-12-19,2020-12-20,0
19/12/2020,28.0,PADOVA,39080,COVID_19_ISS_open_data_2020-12-20_casi_provincie,2020-12-19,2020-12-20,0
19/12/2020,29.0,ROVIGO,6039,COVID_19_ISS_open_data_2020-12-20_casi_provincie,2020-12-19,2020-12-20,0
19/12/2020,30.0,UDINE,14852,COVID_19_ISS_open_data_2020-12-20_casi_provincie,2020-12-19,2020-12-20,0
19/12/2020,31.0,GORIZIA,4522,COVID_19_ISS_open_data_2020-12-20_casi_provincie,2020-12-19,2020-12-20,0
19/12/2020,32.0,TRIESTE,8810,COVID_19_ISS_open_data_2020-12-20_casi_provincie,2020-12-19,2020-12-20,0
19/12/2020,33.0,PIACENZA,13785,COVID_19_ISS_open_data_2020-12-20_casi_provincie,2020-12-19,2020-12-20,0
19/12/2020,34.0,PARMA,11958,COVID_19_ISS_open_data_2020-12-20_casi_provincie,2020-12-19,2020-12-20,0
19/12/2020,35.0,REGGIO NELL'EMILIA,21662,COVID_19_ISS_open_data_2020-12-20_casi_provincie,2020-12-19,2020-12-20,0
19/12/2020,36.0,MODENA,27520,COVID_19_ISS_open_data_2020-12-20_casi_provincie,2020-12-19,2020-12-20,0
19/12/2020,37.0,BOLOGNA,34085,COVID_19_ISS_open_data_2020-12-20_casi_provincie,2020-12-19,2020-12-20,0
19/12/2020,38.0,FERRARA,7783,COVID_19_ISS_open_data_2020-12-20_casi_provincie,2020-12-19,2020-12-20,0
19/12/2020,39.0,RAVENNA,10912,COVID_19_ISS_open_data_2020-12-20_casi_provincie,2020-12-19,2020-12-20,0
19/12/2020,40.0,FORLI'-CESENA,10378,COVID_19_ISS_open_data_2020-12-20_casi_provincie,2020-12-19,2020-12-20,0
19/12/2020,41.0,PESARO E URBINO,7919,COVID_19_ISS_open_data_2020-12-20_casi_provincie,2020-12-19,2020-12-20,0
19/12/2020,42.0,ANCONA,9942,COVID_19_ISS_open_data_2020-12-20_casi_provincie,2020-12-19,2020-12-20,0
19/12/2020,43.0,MACERATA,7905,COVID_19_ISS_open_data_2020-12-20_casi_provincie,2020-12-19,2020-12-20,0
19/12/2020,44.0,ASCOLI PICENO,4323,COVID_19_ISS_open_data_2020-12-20_casi_provincie,2020-12-19,2020-12-20,0
19/12/2020,45.0,MASSA CARRARA,7212,COVID_19_ISS_open_data_2020-12-20_casi_provincie,2020-12-19,2020-12-20,0
19/12/2020,46.0,LUCCA,11401,COVID_19_ISS_open_data_2020-12-20_casi_provincie,2020-12-19,2020-12-20,0
19/12/2020,47.0,PISTOIA,10156,COVID_19_ISS_open_data_2020-12-20_casi_provincie,2020-12-19,2020-12-20,0
19/12/2020,48.0,FIRENZE,31119,COVID_19_ISS_open_data_2020-12-20_casi_provincie,2020-12-19,2020-12-20,0
19/12/2020,49.0,LIVORNO,7862,COVID_19_ISS_open_data_2020-12-20_casi_provincie,2020-12-19,2020-12-20,0
19/12/2020,50.0,PISA,15832,COVID_19_ISS_open_data_2020-12-20_casi_provincie,2020-12-19,2020-12-20,0
19/12/2020,51.0,AREZZO,10162,COVID_19_ISS_open_data_2020-12-20_casi_provincie,2020-12-19,2020-12-20,0
19/12/2020,52.0,SIENA,4497,COVID_19_ISS_open_data_2020-12-20_casi_provincie,2020-12-19,2020-12-20,0
19/12/2020,53.0,GROSSETO,3926,COVID_19_ISS_open_data_2020-12-20_casi_provincie,2020-12-19,2020-12-20,0
19/12/2020,54.0,PERUGIA,20303,COVID_19_ISS_open_data_2020-12-20_casi_provincie,2020-12-19,2020-12-20,0
19/12/2020,55.0,TERNI,6640,COVID_19_ISS_open_data_2020-12-20_casi_provincie,2020-12-19,2020-12-20,0
19/12/2020,56.0,VITERBO,7587,COVID_19_ISS_open_data_2020-12-20_casi_provincie,2020-12-19,2020-12-20,0
19/12/2020,57.0,RIETI,3247,COVID_19_ISS_open_data_2020-12-20_casi_provincie,2020-12-19,2020-12-20,0
19/12/2020,58.0,ROMA,87107,COVID_19_ISS_open_data_2020-12-20_casi_provincie,2020-12-19,2020-12-20,0
19/12/2020,59.0,LATINA,11828,COVID_19_ISS_open_data_2020-12-20_casi_provincie,2020-12-19,2020-12-20,0
19/12/2020,60.0,FROSINONE,10560,COVID_19_ISS_open_data_2020-12-20_casi_provincie,2020-12-19,2020-12-20,0
19/12/2020,61.0,CASERTA,29403,COVID_19_ISS_open_data_2020-12-20_casi_provincie,2020-12-19,2020-12-20,0
19/12/2020,62.0,BENEVENTO,5196,COVID_19_ISS_open_data_2020-12-20_casi_provincie,2020-12-19,2020-12-20,0
19/12/2020,63.0,NAPOLI,100865,COVID_19_ISS_open_data_2020-12-20_casi_provincie,2020-12-19,2020-12-20,0
19/12/2020,64.0,AVELLINO,7283,COVID_19_ISS_open_data_2020-12-20_casi_provincie,2020-12-19,2020-12-20,0
19/12/2020,65.0,SALERNO,18956,COVID_19_ISS_open_data_2020-12-20_casi_provincie,2020-12-19,2020-12-20,0
19/12/2020,66.0,L'AQUILA,10690,COVID_19_ISS_open_data_2020-12-20_casi_provincie,2020-12-19,2020-12-20,0
19/12/2020,67.0,TERAMO,9013,COVID_19_ISS_open_data_2020-12-20_casi_provincie,2020-12-19,2020-12-20,0
19/12/2020,68.0,PESCARA,6826,COVID_19_ISS_open_data_2020-12-20_casi_provincie,2020-12-19,2020-12-20,0
19/12/2020,69.0,CHIETI,6596,COVID_19_ISS_open_data_2020-12-20_casi_provincie,2020-12-19,2020-12-20,0
19/12/2020,70.0,CAMPOBASSO,3803,COVID_19_ISS_open_data_2020-12-20_casi_provincie,2020-12-19,2020-12-20,0
19/12/2020,71.0,FOGGIA,17639,COVID_19_ISS_open_data_2020-12-20_casi_provincie,2020-12-19,2020-12-20,0
19/12/2020,72.0,BARI,30390,COVID_19_ISS_open_data_2020-12-20_casi_provincie,2020-12-19,2020-12-20,0
19/12/2020,73.0,TARANTO,9457,COVID_19_ISS_open_data_2020-12-20_casi_provincie,2020-12-19,2020-12-20,0
19/12/2020,74.0,BRINDISI,5891,COVID_19_ISS_open_data_2020-12-20_casi_provincie,2020-12-19,2020-12-20,0
19/12/2020,75.0,LECCE,6425,COVID_19_ISS_open_data_2020-12-20_casi_provincie,2020-12-19,2020-12-20,0
19/12/2020,76.0,POTENZA,6466,COVID_19_ISS_open_data_2020-12-20_casi_provincie,2020-12-19,2020-12-20,0
19/12/2020,77.0,MATERA,3379,COVID_19_ISS_open_data_2020-12-20_casi_provincie,2020-12-19,2020-12-20,0
19/12/2020,78.0,COSENZA,6838,COVID_19_ISS_open_data_2020-12-20_casi_provincie,2020-12-19,2020-12-20,0
19/12/2020,79.0,CATANZARO,2622,COVID_19_ISS_open_data_2020-12-20_casi_provincie,2020-12-19,2020-12-20,0
19/12/2020,80.0,REGGIO DI CALABRIA,8397,COVID_19_ISS_open_data_2020-12-20_casi_provincie,2020-12-19,2020-12-20,0
19/12/2020,81.0,TRAPANI,5443,COVID_19_ISS_open_data_2020-12-20_casi_provincie,2020-12-19,2020-12-20,0
19/12/2020,82.0,PALERMO,22478,COVID_19_ISS_open_data_2020-12-20_casi_provincie,2020-12-19,2020-12-20,0
19/12/2020,83.0,MESSINA,7286,COVID_19_ISS_open_data_2020-12-20_casi_provincie,2020-12-19,2020-12-20,0
19/12/2020,84.0,AGRIGENTO,3995,COVID_19_ISS_open_data_2020-12-20_casi_provincie,2020-12-19,2020-12-20,0
19/12/2020,85.0,CALTANISSETTA,3412,COVID_19_ISS_open_data_2020-12-20_casi_provincie,2020-12-19,2020-12-20,0
19/12/2020,86.0,ENNA,3060,COVID_19_ISS_open_data_2020-12-20_casi_provincie,2020-12-19,2020-12-20,0
19/12/2020,87.0,CATANIA,25169,COVID_19_ISS_open_data_2020-12-20_casi_provincie,2020-12-19,2020-12-20,0
19/12/2020,88.0,RAGUSA,6573,COVID_19_ISS_open_data_2020-12-20_casi_provincie,2020-12-19,2020-12-20,0
19/12/2020,89.0,SIRACUSA,4354,COVID_19_ISS_open_data_2020-12-20_casi_provincie,2020-12-19,2020-12-20,0
19/12/2020,90.0,SASSARI,8631,COVID_19_ISS_open_data_2020-12-20_casi_provincie,2020-12-19,2020-12-20,0
19/12/2020,91.0,NUORO,4691,COVID_19_ISS_open_data_2020-12-20_casi_provincie,2020-12-19,2020-12-20,0
19/12/2020,92.0,CAGLIARI,4596,COVID_19_ISS_open_data_2020-12-20_casi_provincie,2020-12-19,2020-12-20,0
19/12/2020,93.0,PORDENONE,7461,COVID_19_ISS_open_data_2020-12-20_casi_provincie,2020-12-19,2020-12-20,0
19/12/2020,94.0,ISERNIA,2137,COVID_19_ISS_open_data_2020-12-20_casi_provincie,2020-12-19,2020-12-20,0
19/12/2020,95.0,ORISTANO,2234,COVID_19_ISS_open_data_2020-12-20_casi_provincie,2020-12-19,2020-12-20,0
19/12/2020,96.0,BIELLA,6284,COVID_19_ISS_open_data_2020-12-20_casi_provincie,2020-12-19,2020-12-20,0
19/12/2020,97.0,LECCO,12644,COVID_19_ISS_open_data_2020-12-20_casi_provincie,2020-12-19,2020-12-20,0
19/12/2020,98.0,LODI,10292,COVID_19_ISS_open_data_2020-12-20_casi_provincie,2020-12-19,2020-12-20,0
19/12/2020,99.0,RIMINI,12650,COVID_19_ISS_open_data_2020-12-20_casi_provincie,2020-12-19,2020-12-20,0
19/12/2020,100.0,PRATO,10001,COVID_19_ISS_open_data_2020-12-20_casi_provincie,2020-12-19,2020-12-20,0
19/12/2020,101.0,CROTONE,2218,COVID_19_ISS_open_data_2020-12-20_casi_provincie,2020-12-19,2020-12-20,0
19/12/2020,102.0,VIBO VALENTIA,1221,COVID_19_ISS_open_data_2020-12-20_casi_provincie,2020-12-19,2020-12-20,0
19/12/2020,103.0,VERBANO-CUSIO-OSSOLA,6352,COVID_19_ISS_open_data_2020-12-20_casi_provincie,2020-12-19,2020-12-20,0
19/12/2020,108.0,MONZA E DELLA BRIANZA,46892,COVID_19_ISS_open_data_2020-12-20_casi_provincie,2020-12-19,2020-12-20,0
19/12/2020,109.0,FERMO,4183,COVID_19_ISS_open_data_2020-12-20_casi_provincie,2020-12-19,2020-12-20,0
19/12/2020,110.0,BARLETTA-ANDRIA-TRANI,9210,COVID_19_ISS_open_data_2020-12-20_casi_provincie,2020-12-19,2020-12-20,0
19/12/2020,111.0,SUD SARDEGNA,3649,COVID_19_ISS_open_data_2020-12-20_casi_provincie,2020-12-19,2020-12-20,0
19/12/2020,,,62575,COVID_19_ISS_open_data_2020-12-20_casi_provincie,2020-12-19,2020-12-20,0
20/12/2020,1.0,TORINO,99934,COVID_19_ISS_open_data_2020-12-21_casi_provincie,2020-12-20,2020-12-21,0
20/12/2020,2.0,VERCELLI,7177,COVID_19_ISS_open_data_2020-12-21_casi_provincie,2020-12-20,2020-12-21,0
20/12/2020,3.0,NOVARA,14812,COVID_19_ISS_open_data_2020-12-21_casi_provincie,2020-12-20,2020-12-21,0
20/12/2020,4.0,CUNEO,26166,COVID_19_ISS_open_data_2020-12-21_casi_provincie,2020-12-20,2020-12-21,0
20/12/2020,5.0,ASTI,9268,COVID_19_ISS_open_data_2020-12-21_casi_provincie,2020-12-20,2020-12-21,0
20/12/2020,6.0,ALESSANDRIA,17018,COVID_19_ISS_open_data_2020-12-21_casi_provincie,2020-12-20,2020-12-21,0
20/12/2020,7.0,AOSTA,7070,COVID_19_ISS_open_data_2020-12-21_casi_provincie,2020-12-20,2020-12-21,0
20/12/2020,8.0,IMPERIA,6450,COVID_19_ISS_open_data_2020-12-21_casi_provincie,2020-12-20,2020-12-21,0
20/12/2020,9.0,SAVONA,7039,COVID_19_ISS_open_data_2020-12-21_casi_provincie,2020-12-20,2020-12-21,0
20/12/2020,10.0,GENOVA,34424,COVID_19_ISS_open_data_2020-12-21_casi_provincie,2020-12-20,2020-12-21,0
20/12/2020,11.0,LA SPEZIA,8128,COVID_19_ISS_open_data_2020-12-21_casi_provincie,2020-12-20,2020-12-21,0
20/12/2020,12.0,VARESE,48833,COVID_19_ISS_open_data_2020-12-21_casi_provincie,2020-12-20,2020-12-21,0
20/12/2020,13.0,COMO,31942,COVID_19_ISS_open_data_2020-12-21_casi_provincie,2020-12-20,2020-12-21,0
20/12/2020,14.0,SONDRIO,8048,COVID_19_ISS_open_data_2020-12-21_casi_provincie,2020-12-20,2020-12-21,0
20/12/2020,15.0,MILANO,168541,COVID_19_ISS_open_data_2020-12-21_casi_provincie,2020-12-20,2020-12-21,0
20/12/2020,16.0,BERGAMO,27579,COVID_19_ISS_open_data_2020-12-21_casi_provincie,2020-12-20,2020-12-21,0
20/12/2020,17.0,BRESCIA,39466,COVID_19_ISS_open_data_2020-12-21_casi_provincie,2020-12-20,2020-12-21,0
20/12/2020,18.0,PAVIA,23489,COVID_19_ISS_open_data_2020-12-21_casi_provincie,2020-12-20,2020-12-21,0
20/12/2020,19.0,CREMONA,13963,COVID_19_ISS_open_data_2020-12-21_casi_provincie,2020-12-20,2020-12-21,0
20/12/2020,20.0,MANTOVA,15017,COVID_19_ISS_open_data_2020-12-21_casi_provincie,2020-12-20,2020-12-21,0
20/12/2020,21.0,BOLZANO,26734,COVID_19_ISS_open_data_2020-12-21_casi_provincie,2020-12-20,2020-12-21,0
20/12/2020,22.0,TRENTO,19276,COVID_19_ISS_open_data_2020-12-21_casi_provincie,2020-12-20,2020-12-21,0
20/12/2020,23.0,VERONA,42560,COVID_19_ISS_open_data_2020-12-21_casi_provincie,2020-12-20,2020-12-21,0
20/12/2020,24.0,VICENZA,37971,COVID_19_ISS_open_data_2020-12-21_casi_provincie,2020-12-20,2020-12-21,0
20/12/2020,25.0,BELLUNO,12805,COVID_19_ISS_open_data_2020-12-21_casi_provincie,2020-12-20,2020-12-21,0
20/12/2020,26.0,TREVISO,42558,COVID_19_ISS_open_data_2020-12-21_casi_provincie,2020-12-20,2020-12-21,0
20/12/2020,27.0,VENEZIA,32889,COVID_19_ISS_open_data_2020-12-21_casi_provincie,2020-12-20,2020-12-21,0
20/12/2020,28.0,PADOVA,39731,COVID_19_ISS_open_data_2020-12-21_casi_provincie,2020-12-20,2020-12-21,0
20/12/2020,29.0,ROVIGO,6188,COVID_19_ISS_open_data_2020-12-21_casi_provincie,2020-12-20,2020-12-21,0
20/12/2020,30.0,UDINE,14855,COVID_19_ISS_open_data_2020-12-21_casi_provincie,2020-12-20,2020-12-21,0
20/12/2020,31.0,GORIZIA,4521,COVID_19_ISS_open_data_2020-12-21_casi_provincie,2020-12-20,2020-12-21,0
20/12/2020,32.0,TRIESTE,8811,COVID_19_ISS_open_data_2020-12-21_casi_provincie,2020-12-20,2020-12-21,0
20/12/2020,33.0,PIACENZA,13903,COVID_19_ISS_open_data_2020-12-21_casi_provincie,2020-12-20,2020-12-21,0
20/12/2020,34.0,PARMA,12041,COVID_19_ISS_open_data_2020-12-21_casi_provincie,2020-12-20,2020-12-21,0
20/12/2020,35.0,REGGIO NELL'EMILIA,21909,COVID_19_ISS_open_data_2020-12-21_casi_provincie,2020-12-20,2020-12-21,0
20/12/2020,36.0,MODENA,27789,COVID_19_ISS_open_data_2020-12-21_casi_provincie,2020-12-20,2020-12-21,0
20/12/2020,37.0,BOLOGNA,34444,COVID_19_ISS_open_data_2020-12-21_casi_provincie,2020-12-20,2020-12-21,0
20/12/2020,38.0,FERRARA,7888,COVID_19_ISS_open_data_2020-12-21_casi_provincie,2020-12-20,2020-12-21,0
20/12/2020,39.0,RAVENNA,11045,COVID_19_ISS_open_data_2020-12-21_casi_provincie,2020-12-20,2020-12-21,0
20/12/2020,40.0,FORLI'-CESENA,10530,COVID_19_ISS_open_data_2020-12-21_casi_provincie,2020-12-20,2020-12-21,0
20/12/2020,41.0,PESARO E URBINO,7920,COVID_19_ISS_open_data_2020-12-21_casi_provincie,2020-12-20,2020-12-21,0
20/12/2020,42.0,ANCONA,9942,COVID_19_ISS_open_data_2020-12-21_casi_provincie,2020-12-20,2020-12-21,0
20/12/2020,43.0,MACERATA,7905,COVID_19_ISS_open_data_2020-12-21_casi_provincie,2020-12-20,2020-12-21,0
20/12/2020,44.0,ASCOLI PICENO,4323,COVID_19_ISS_open_data_2020-12-21_casi_provincie,2020-12-20,2020-12-21,0
20/12/2020,45.0,MASSA CARRARA,7244,COVID_19_ISS_open_data_2020-12-21_casi_provincie,2020-12-20,2020-12-21,0
20/12/2020,46.0,LUCCA,11503,COVID_19_ISS_open_data_2020-12-21_casi_provincie,2020-12-20,2020-12-21,0
20/12/2020,47.0,PISTOIA,10194,COVID_19_ISS_open_data_2020-12-21_casi_provincie,2020-12-20,2020-12-21,0
20/12/2020,48.0,FIRENZE,31242,COVID_19_ISS_open_data_2020-12-21_casi_provincie,2020-12-20,2020-12-21,0
20/12/2020,49.0,LIVORNO,7926,COVID_19_ISS_open_data_2020-12-21_casi_provincie,2020-12-20,2020-12-21,0
20/12/2020,50.0,PISA,15913,COVID_19_ISS_open_data_2020-12-21_casi_provincie,2020-12-20,2020-12-21,0
20/12/2020,51.0,AREZZO,10187,COVID_19_ISS_open_data_2020-12-21_casi_provincie,2020-12-20,2020-12-21,0
20/12/2020,52.0,SIENA,4514,COVID_19_ISS_open_data_2020-12-21_casi_provincie,2020-12-20,2020-12-21,0
20/12/2020,53.0,GROSSETO,3940,COVID_19_ISS_open_data_2020-12-21_casi_provincie,2020-12-20,2020-12-21,0
20/12/2020,54.0,PERUGIA,20399,COVID_19_ISS_open_data_2020-12-21_casi_provincie,2020-12-20,2020-12-21,0
20/12/2020,55.0,TERNI,6692,COVID_19_ISS_open_data_2020-12-21_casi_provincie,2020-12-20,2020-12-21,0
20/12/2020,56.0,VITERBO,7588,COVID_19_ISS_open_data_2020-12-21_casi_provincie,2020-12-20,2020-12-21,0
20/12/2020,57.0,RIETI,3248,COVID_19_ISS_open_data_2020-12-21_casi_provincie,2020-12-20,2020-12-21,0
20/12/2020,58.0,ROMA,87114,COVID_19_ISS_open_data_2020-12-21_casi_provincie,2020-12-20,2020-12-21,0
20/12/2020,59.0,LATINA,11828,COVID_19_ISS_open_data_2020-12-21_casi_provincie,2020-12-20,2020-12-21,0
20/12/2020,60.0,FROSINONE,10561,COVID_19_ISS_open_data_2020-12-21_casi_provincie,2020-12-20,2020-12-21,0
20/12/2020,61.0,CASERTA,29616,COVID_19_ISS_open_data_2020-12-21_casi_provincie,2020-12-20,2020-12-21,0
20/12/2020,62.0,BENEVENTO,5250,COVID_19_ISS_open_data_2020-12-21_casi_provincie,2020-12-20,2020-12-21,0
20/12/2020,63.0,NAPOLI,101578,COVID_19_ISS_open_data_2020-12-21_casi_provincie,2020-12-20,2020-12-21,0
20/12/2020,64.0,AVELLINO,7348,COVID_19_ISS_open_data_2020-12-21_casi_provincie,2020-12-20,2020-12-21,0
20/12/2020,65.0,SALERNO,19117,COVID_19_ISS_open_data_2020-12-21_casi_provincie,2020-12-20,2020-12-21,0
20/12/2020,66.0,L'AQUILA,10717,COVID_19_ISS_open_data_2020-12-21_casi_provincie,2020-12-20,2020-12-21,0
20/12/2020,67.0,TERAMO,9051,COVID_19_ISS_open_data_2020-12-21_casi_provincie,2020-12-20,2020-12-21,0
20/12/2020,68.0,PESCARA,6865,COVID_19_ISS_open_data_2020-12-21_casi_provincie,2020-12-20,2020-12-21,0
20/12/2020,69.0,CHIETI,6648,COVID_19_ISS_open_data_2020-12-21_casi_provincie,2020-12-20,2020-12-21,0
20/12/2020,70.0,CAMPOBASSO,4028,COVID_19_ISS_open_data_2020-12-21_casi_provincie,2020-12-20,2020-12-21,0
20/12/2020,71.0,FOGGIA,17881,COVID_19_ISS_open_data_2020-12-21_casi_provincie,2020-12-20,2020-12-21,0
20/12/2020,72.0,BARI,30959,COVID_19_ISS_open_data_2020-12-21_casi_provincie,2020-12-20,2020-12-21,0
20/12/2020,73.0,TARANTO,9767,COVID_19_ISS_open_data_2020-12-21_casi_provincie,2020-12-20,2020-12-21,0
20/12/2020,74.0,BRINDISI,5940,COVID_19_ISS_open_data_2020-12-21_casi_provincie,2020-12-20,2020-12-21,0
20/12/2020,75.0,LECCE,6481,COVID_19_ISS_open_data_2020-12-21_casi_provincie,2020-12-20,2020-12-21,0
20/12/2020,76.0,POTENZA,6533,COVID_19_ISS_open_data_2020-12-21_casi_provincie,2020-12-20,2020-12-21,0
20/12/2020,77.0,MATERA,3392,COVID_19_ISS_open_data_2020-12-21_casi_provincie,2020-12-20,2020-12-21,0
20/12/2020,78.0,COSENZA,6895,COVID_19_ISS_open_data_2020-12-21_casi_provincie,2020-12-20,2020-12-21,0
20/12/2020,79.0,CATANZARO,2625,COVID_19_ISS_open_data_2020-12-21_casi_provincie,2020-12-20,2020-12-21,0
20/12/2020,80.0,REGGIO DI CALABRIA,8480,COVID_19_ISS_open_data_2020-12-21_casi_provincie,2020-12-20,2020-12-21,0
20/12/2020,81.0,TRAPANI,5470,COVID_19_ISS_open_data_2020-12-21_casi_provincie,2020-12-20,2020-12-21,0
20/12/2020,82.0,PALERMO,22649,COVID_19_ISS_open_data_2020-12-21_casi_provincie,2020-12-20,2020-12-21,0
20/12/2020,83.0,MESSINA,7390,COVID_19_ISS_open_data_2020-12-21_casi_provincie,2020-12-20,2020-12-21,0
20/12/2020,84.0,AGRIGENTO,4000,COVID_19_ISS_open_data_2020-12-21_casi_provincie,2020-12-20,2020-12-21,0
20/12/2020,85.0,CALTANISSETTA,3423,COVID_19_ISS_open_data_2020-12-21_casi_provincie,2020-12-20,2020-12-21,0
20/12/2020,86.0,ENNA,3061,COVID_19_ISS_open_data_2020-12-21_casi_provincie,2020-12-20,2020-12-21,0
20/12/2020,87.0,CATANIA,25395,COVID_19_ISS_open_data_2020-12-21_casi_provincie,2020-12-20,2020-12-21,0
20/12/2020,88.0,RAGUSA,6612,COVID_19_ISS_open_data_2020-12-21_casi_provincie,2020-12-20,2020-12-21,0
20/12/2020,89.0,SIRACUSA,4432,COVID_19_ISS_open_data_2020-12-21_casi_provincie,2020-12-20,2020-12-21,0
20/12/2020,90.0,SASSARI,8657,COVID_19_ISS_open_data_2020-12-21_casi_provincie,2020-12-20,2020-12-21,0
20/12/2020,91.0,NUORO,4722,COVID_19_ISS_open_data_2020-12-21_casi_provincie,2020-12-20,2020-12-21,0
20/12/2020,92.0,CAGLIARI,4649,COVID_19_ISS_open_data_2020-12-21_casi_provincie,2020-12-20,2020-12-21,0
20/12/2020,93.0,PORDENONE,7461,COVID_19_ISS_open_data_2020-12-21_casi_provincie,2020-12-20,2020-12-21,0
20/12/2020,94.0,ISERNIA,2226,COVID_19_ISS_open_data_2020-12-21_casi_provincie,2020-12-20,2020-12-21,0
20/12/2020,95.0,ORISTANO,2235,COVID_19_ISS_open_data_2020-12-21_casi_provincie,2020-12-20,2020-12-21,0
20/12/2020,96.0,BIELLA,6284,COVID_19_ISS_open_data_2020-12-21_casi_provincie,2020-12-20,2020-12-21,0
20/12/2020,97.0,LECCO,12709,COVID_19_ISS_open_data_2020-12-21_casi_provincie,2020-12-20,2020-12-21,0
20/12/2020,98.0,LODI,10380,COVID_19_ISS_open_data_2020-12-21_casi_provincie,2020-12-20,2020-12-21,0
20/12/2020,99.0,RIMINI,12811,COVID_19_ISS_open_data_2020-12-21_casi_provincie,2020-12-20,2020-12-21,0
20/12/2020,100.0,PRATO,10024,COVID_19_ISS_open_data_2020-12-21_casi_provincie,2020-12-20,2020-12-21,0
20/12/2020,101.0,CROTONE,2261,COVID_19_ISS_open_data_2020-12-21_casi_provincie,2020-12-20,2020-12-21,0
20/12/2020,102.0,VIBO VALENTIA,1256,COVID_19_ISS_open_data_2020-12-21_casi_provincie,2020-12-20,2020-12-21,0
20/12/2020,103.0,VERBANO-CUSIO-OSSOLA,6352,COVID_19_ISS_open_data_2020-12-21_casi_provincie,2020-12-20,2020-12-21,0
20/12/2020,108.0,MONZA E DELLA BRIANZA,47102,COVID_19_ISS_open_data_2020-12-21_casi_provincie,2020-12-20,2020-12-21,0
20/12/2020,109.0,FERMO,4183,COVID_19_ISS_open_data_2020-12-21_casi_provincie,2020-12-20,2020-12-21,0
20/12/2020,110.0,BARLETTA-ANDRIA-TRANI,9366,COVID_19_ISS_open_data_2020-12-21_casi_provincie,2020-12-20,2020-12-21,0
20/12/2020,111.0,SUD SARDEGNA,3660,COVID_19_ISS_open_data_2020-12-21_casi_provincie,2020-12-20,2020-12-21,0
20/12/2020,,,62646,COVID_19_ISS_open_data_2020-12-21_casi_provincie,2020-12-20,2020-12-21,0
03/01/2021,1.0,TORINO,103657,COVID_19_ISS_open_data_2021-01-04_casi_provincie,2021-01-03,2021-01-04,0
03/01/2021,2.0,VERCELLI,7550,COVID_19_ISS_open_data_2021-01-04_casi_provincie,2021-01-03,2021-01-04,0
03/01/2021,3.0,NOVARA,15476,COVID_19_ISS_open_data_2021-01-04_casi_provincie,2021-01-03,2021-01-04,0
03/01/2021,4.0,CUNEO,27075,COVID_19_ISS_open_data_2021-01-04_casi_provincie,2021-01-03,2021-01-04,0
03/01/2021,5.0,ASTI,9885,COVID_19_ISS_open_data_2021-01-04_casi_provincie,2021-01-03,2021-01-04,0
03/01/2021,6.0,ALESSANDRIA,17738,COVID_19_ISS_open_data_2021-01-04_casi_provincie,2021-01-03,2021-01-04,0
03/01/2021,7.0,AOSTA,7318,COVID_19_ISS_open_data_2021-01-04_casi_provincie,2021-01-03,2021-01-04,0
03/01/2021,8.0,IMPERIA,6873,COVID_19_ISS_open_data_2021-01-04_casi_provincie,2021-01-03,2021-01-04,0
03/01/2021,9.0,SAVONA,7921,COVID_19_ISS_open_data_2021-01-04_casi_provincie,2021-01-03,2021-01-04,0
03/01/2021,10.0,GENOVA,36240,COVID_19_ISS_open_data_2021-01-04_casi_provincie,2021-01-03,2021-01-04,0
03/01/2021,11.0,LA SPEZIA,8743,COVID_19_ISS_open_data_2021-01-04_casi_provincie,2021-01-03,2021-01-04,0
03/01/2021,12.0,VARESE,52267,COVID_19_ISS_open_data_2021-01-04_casi_provincie,2021-01-03,2021-01-04,0
03/01/2021,13.0,COMO,33953,COVID_19_ISS_open_data_2021-01-04_casi_provincie,2021-01-03,2021-01-04,0
03/01/2021,14.0,SONDRIO,8699,COVID_19_ISS_open_data_2021-01-04_casi_provincie,2021-01-03,2021-01-04,0
03/01/2021,15.0,MILANO,176165,COVID_19_ISS_open_data_2021-01-04_casi_provincie,2021-01-03,2021-01-04,0
03/01/2021,16.0,BERGAMO,28617,COVID_19_ISS_open_data_2021-01-04_casi_provincie,2021-01-03,2021-01-04,0
03/01/2021,17.0,BRESCIA,42931,COVID_19_ISS_open_data_2021-01-04_casi_provincie,2021-01-03,2021-01-04,0
03/01/2021,18.0,PAVIA,25225,COVID_19_ISS_open_data_2021-01-04_casi_provincie,2021-01-03,2021-01-04,0
03/01/2021,19.0,CREMONA,14643,COVID_19_ISS_open_data_2021-01-04_casi_provincie,2021-01-03,2021-01-04,0
03/01/2021,20.0,MANTOVA,16805,COVID_19_ISS_open_data_2021-01-04_casi_provincie,2021-01-03,2021-01-04,0
03/01/2021,21.0,BOLZANO,28631,COVID_19_ISS_open_data_2021-01-04_casi_provincie,2021-01-03,2021-01-04,0
03/01/2021,22.0,TRENTO,21383,COVID_19_ISS_open_data_2021-01-04_casi_provincie,2021-01-03,2021-01-04,0
03/01/2021,23.0,VERONA,52087,COVID_19_ISS_open_data_2021-01-04_casi_provincie,2021-01-03,2021-01-04,0
03/01/2021,24.0,VICENZA,45040,COVID_19_ISS_open_data_2021-01-04_casi_provincie,2021-01-03,2021-01-04,0
03/01/2021,25.0,BELLUNO,15070,COVID_19_ISS_open_data_2021-01-04_casi_provincie,2021-01-03,2021-01-04,0
03/01/2021,26.0,TREVISO,52673,COVID_19_ISS_open_data_2021-01-04_casi_provincie,2021-01-03,2021-01-04,0
03/01/2021,27.0,VENEZIA,41583,COVID_19_ISS_open_data_2021-01-04_casi_provincie,2021-01-03,2021-01-04,0
03/01/2021,28.0,PADOVA,48130,COVID_19_ISS_open_data_2021-01-04_casi_provincie,2021-01-03,2021-01-04,0
03/01/2021,29.0,ROVIGO,7866,COVID_19_ISS_open_data_2021-01-04_casi_provincie,2021-01-03,2021-01-04,0
03/01/2021,30.0,UDINE,16366,COVID_19_ISS_open_data_2021-01-04_casi_provincie,2021-01-03,2021-01-04,0
03/01/2021,31.0,GORIZIA,5326,COVID_19_ISS_open_data_2021-01-04_casi_provincie,2021-01-03,2021-01-04,0
03/01/2021,32.0,TRIESTE,9909,COVID_19_ISS_open_data_2021-01-04_casi_provincie,2021-01-03,2021-01-04,0
03/01/2021,33.0,PIACENZA,15350,COVID_19_ISS_open_data_2021-01-04_casi_provincie,2021-01-03,2021-01-04,0
03/01/2021,34.0,PARMA,13009,COVID_19_ISS_open_data_2021-01-04_casi_provincie,2021-01-03,2021-01-04,0
03/01/2021,35.0,REGGIO NELL'EMILIA,24334,COVID_19_ISS_open_data_2021-01-04_casi_provincie,2021-01-03,2021-01-04,0
03/01/2021,36.0,MODENA,31267,COVID_19_ISS_open_data_2021-01-04_casi_provincie,2021-01-03,2021-01-04,0
03/01/2021,37.0,BOLOGNA,39885,COVID_19_ISS_open_data_2021-01-04_casi_provincie,2021-01-03,2021-01-04,0
03/01/2021,38.0,FERRARA,9507,COVID_19_ISS_open_data_2021-01-04_casi_provincie,2021-01-03,2021-01-04,0
03/01/2021,39.0,RAVENNA,13371,COVID_19_ISS_open_data_2021-01-04_casi_provincie,2021-01-03,2021-01-04,0
03/01/2021,40.0,FORLI'-CESENA,12760,COVID_19_ISS_open_data_2021-01-04_casi_provincie,2021-01-03,2021-01-04,0
03/01/2021,41.0,PESARO E URBINO,9847,COVID_19_ISS_open_data_2021-01-04_casi_provincie,2021-01-03,2021-01-04,0
03/01/2021,42.0,ANCONA,11807,COVID_19_ISS_open_data_2021-01-04_casi_provincie,2021-01-03,2021-01-04,0
03/01/2021,43.0,MACERATA,9093,COVID_19_ISS_open_data_2021-01-04_casi_provincie,2021-01-03,2021-01-04,0
03/01/2021,44.0,ASCOLI PICENO,4854,COVID_19_ISS_open_data_2021-01-04_casi_provincie,2021-01-03,2021-01-04,0
03/01/2021,45.0,MASSA CARRARA,7550,COVID_19_ISS_open_data_2021-01-04_casi_provincie,2021-01-03,2021-01-04,0
03/01/2021,46.0,LUCCA,12321,COVID_19_ISS_open_data_2021-01-04_casi_provincie,2021-01-03,2021-01-04,0
03/01/2021,47.0,PISTOIA,10528,COVID_19_ISS_open_data_2021-01-04_casi_provincie,2021-01-03,2021-01-04,0
03/01/2021,48.0,FIRENZE,32863,COVID_19_ISS_open_data_2021-01-04_casi_provincie,2021-01-03,2021-01-04,0
03/01/2021,49.0,LIVORNO,8541,COVID_19_ISS_open_data_2021-01-04_casi_provincie,2021-01-03,2021-01-04,0
03/01/2021,50.0,PISA,16640,COVID_19_ISS_open_data_2021-01-04_casi_provincie,2021-01-03,2021-01-04,0
03/01/2021,51.0,AREZZO,10697,COVID_19_ISS_open_data_2021-01-04_casi_provincie,2021-01-03,2021-01-04,0
03/01/2021,52.0,SIENA,4906,COVID_19_ISS_open_data_2021-01-04_casi_provincie,2021-01-03,2021-01-04,0
03/01/2021,53.0,GROSSETO,4138,COVID_19_ISS_open_data_2021-01-04_casi_provincie,2021-01-03,2021-01-04,0
03/01/2021,54.0,PERUGIA,21892,COVID_19_ISS_open_data_2021-01-04_casi_provincie,2021-01-03,2021-01-04,0
03/01/2021,55.0,TERNI,7239,COVID_19_ISS_open_data_2021-01-04_casi_provincie,2021-01-03,2021-01-04,0
03/01/2021,56.0,VITERBO,8612,COVID_19_ISS_open_data_2021-01-04_casi_provincie,2021-01-03,2021-01-04,0
03/01/2021,57.0,RIETI,5110,COVID_19_ISS_open_data_2021-01-04_casi_provincie,2021-01-03,2021-01-04,0
03/01/2021,58.0,ROMA,115850,COVID_19_ISS_open_data_2021-01-04_casi_provincie,2021-01-03,2021-01-04,0
03/01/2021,59.0,LATINA,13885,COVID_19_ISS_open_data_2021-01-04_casi_provincie,2021-01-03,2021-01-04,0
03/01/2021,60.0,FROSINONE,12903,COVID_19_ISS_open_data_2021-01-04_casi_provincie,2021-01-03,2021-01-04,0
03/01/2021,61.0,CASERTA,31947,COVID_19_ISS_open_data_2021-01-04_casi_provincie,2021-01-03,2021-01-04,0
03/01/2021,62.0,BENEVENTO,5780,COVID_19_ISS_open_data_2021-01-04_casi_provincie,2021-01-03,2021-01-04,0
03/01/2021,63.0,NAPOLI,109525,COVID_19_ISS_open_data_2021-01-04_casi_provincie,2021-01-03,2021-01-04,0
03/01/2021,64.0,AVELLINO,7884,COVID_19_ISS_open_data_2021-01-04_casi_provincie,2021-01-03,2021-01-04,0
03/01/2021,65.0,SALERNO,21614,COVID_19_ISS_open_data_2021-01-04_casi_provincie,2021-01-03,2021-01-04,0
03/01/2021,66.0,L'AQUILA,11323,COVID_19_ISS_open_data_2021-01-04_casi_provincie,2021-01-03,2021-01-04,0
03/01/2021,67.0,TERAMO,9678,COVID_19_ISS_open_data_2021-01-04_casi_provincie,2021-01-03,2021-01-04,0
03/01/2021,68.0,PESCARA,7321,COVID_19_ISS_open_data_2021-01-04_casi_provincie,2021-01-03,2021-01-04,0
03/01/2021,69.0,CHIETI,7547,COVID_19_ISS_open_data_2021-01-04_casi_provincie,2021-01-03,2021-01-04,0
03/01/2021,70.0,CAMPOBASSO,4373,COVID_19_ISS_open_data_2021-01-04_casi_provincie,2021-01-03,2021-01-04,0
03/01/2021,71.0,FOGGIA,20794,COVID_19_ISS_open_data_2021-01-04_casi_provincie,2021-01-03,2021-01-04,0
03/01/2021,72.0,BARI,36120,COVID_19_ISS_open_data_2021-01-04_casi_provincie,2021-01-03,2021-01-04,0
03/01/2021,73.0,TARANTO,11478,COVID_19_ISS_open_data_2021-01-04_casi_provincie,2021-01-03,2021-01-04,0
03/01/2021,74.0,BRINDISI,6806,COVID_19_ISS_open_data_2021-01-04_casi_provincie,2021-01-03,2021-01-04,0
03/01/2021,75.0,LECCE,7437,COVID_19_ISS_open_data_2021-01-04_casi_provincie,2021-01-03,2021-01-04,0
03/01/2021,76.0,POTENZA,7403,COVID_19_ISS_open_data_2021-01-04_casi_provincie,2021-01-03,2021-01-04,0
03/01/2021,77.0,MATERA,3636,COVID_19_ISS_open_data_2021-01-04_casi_provincie,2021-01-03,2021-01-04,0
03/01/2021,78.0,COSENZA,7639,COVID_19_ISS_open_data_2021-01-04_casi_provincie,2021-01-03,2021-01-04,0
03/01/2021,79.0,CATANZARO,2933,COVID_19_ISS_open_data_2021-01-04_casi_provincie,2021-01-03,2021-01-04,0
03/01/2021,80.0,REGGIO DI CALABRIA,9706,COVID_19_ISS_open_data_2021-01-04_casi_provincie,2021-01-03,2021-01-04,0
03/01/2021,81.0,TRAPANI,6170,COVID_19_ISS_open_data_2021-01-04_casi_provincie,2021-01-03,2021-01-04,0
03/01/2021,82.0,PALERMO,25153,COVID_19_ISS_open_data_2021-01-04_casi_provincie,2021-01-03,2021-01-04,0
03/01/2021,83.0,MESSINA,11293,COVID_19_ISS_open_data_2021-01-04_casi_provincie,2021-01-03,2021-01-04,0
03/01/2021,84.0,AGRIGENTO,4355,COVID_19_ISS_open_data_2021-01-04_casi_provincie,2021-01-03,2021-01-04,0
03/01/2021,85.0,CALTANISSETTA,4090,COVID_19_ISS_open_data_2021-01-04_casi_provincie,2021-01-03,2021-01-04,0
03/01/2021,86.0,ENNA,3331,COVID_19_ISS_open_data_2021-01-04_casi_provincie,2021-01-03,2021-01-04,0
03/01/2021,87.0,CATANIA,29025,COVID_19_ISS_open_data_2021-01-04_casi_provincie,2021-01-03,2021-01-04,0
03/01/2021,88.0,RAGUSA,7066,COVID_19_ISS_open_data_2021-01-04_casi_provincie,2021-01-03,2021-01-04,0
03/01/2021,89.0,SIRACUSA,5755,COVID_19_ISS_open_data_2021-01-04_casi_provincie,2021-01-03,2021-01-04,0
03/01/2021,90.0,SASSARI,10049,COVID_19_ISS_open_data_2021-01-04_casi_provincie,2021-01-03,2021-01-04,0
03/01/2021,91.0,NUORO,5427,COVID_19_ISS_open_data_2021-01-04_casi_provincie,2021-01-03,2021-01-04,0
03/01/2021,92.0,CAGLIARI,6004,COVID_19_ISS_open_data_2021-01-04_casi_provincie,2021-01-03,2021-01-04,0
03/01/2021,93.0,PORDENONE,8190,COVID_19_ISS_open_data_2021-01-04_casi_provincie,2021-01-03,2021-01-04,0
03/01/2021,94.0,ISERNIA,2314,COVID_19_ISS_open_data_2021-01-04_casi_provincie,2021-01-03,2021-01-04,0
03/01/2021,95.0,ORISTANO,2491,COVID_19_ISS_open_data_2021-01-04_casi_provincie,2021-01-03,2021-01-04,0
03/01/2021,96.0,BIELLA,6480,COVID_19_ISS_open_data_2021-01-04_casi_provincie,2021-01-03,2021-01-04,0
03/01/2021,97.0,LECCO,13522,COVID_19_ISS_open_data_2021-01-04_casi_provincie,2021-01-03,2021-01-04,0
03/01/2021,98.0,LODI,10968,COVID_19_ISS_open_data_2021-01-04_casi_provincie,2021-01-03,2021-01-04,0
03/01/2021,99.0,RIMINI,15028,COVID_19_ISS_open_data_2021-01-04_casi_provincie,2021-01-03,2021-01-04,0
03/01/2021,100.0,PRATO,10390,COVID_19_ISS_open_data_2021-01-04_casi_provincie,2021-01-03,2021-01-04,0
03/01/2021,101.0,CROTONE,2401,COVID_19_ISS_open_data_2021-01-04_casi_provincie,2021-01-03,2021-01-04,0
03/01/2021,102.0,VIBO VALENTIA,1696,COVID_19_ISS_open_data_2021-01-04_casi_provincie,2021-01-03,2021-01-04,0
03/01/2021,103.0,VERBANO-CUSIO-OSSOLA,6638,COVID_19_ISS_open_data_2021-01-04_casi_provincie,2021-01-03,2021-01-04,0
03/01/2021,108.0,MONZA E DELLA BRIANZA,48699,COVID_19_ISS_open_data_2021-01-04_casi_provincie,2021-01-03,2021-01-04,0
03/01/2021,109.0,FERMO,5015,COVID_19_ISS_open_data_2021-01-04_casi_provincie,2021-01-03,2021-01-04,0
03/01/2021,110.0,BARLETTA-ANDRIA-TRANI,10705,COVID_19_ISS_open_data_2021-01-04_casi_provincie,2021-01-03,2021-01-04,0
03/01/2021,111.0,SUD SARDEGNA,4478,COVID_19_ISS_open_data_2021-01-04_casi_provincie,2021-01-03,2021-01-04,0
03/01/2021,,,41605,COVID_19_ISS_open_data_2021-01-04_casi_provincie,2021-01-03,2021-01-04,0
11/03/2021,1.0,TORINO,139566,COVID_19_ISS_open_data_2021-03-10_casi_provincie,2021-03-11,2021-03-10,0
11/03/2021,2.0,VERCELLI,9922,COVID_19_ISS_open_data_2021-03-10_casi_provincie,2021-03-11,2021-03-10,0
11/03/2021,3.0,NOVARA,20457,COVID_19_ISS_open_data_2021-03-10_casi_provincie,2021-03-11,2021-03-10,0
11/03/2021,4.0,CUNEO,35370,COVID_19_ISS_open_data_2021-03-10_casi_provincie,2021-03-11,2021-03-10,0
11/03/2021,5.0,ASTI,13250,COVID_19_ISS_open_data_2021-03-10_casi_provincie,2021-03-11,2021-03-10,0
11/03/2021,6.0,ALESSANDRIA,22813,COVID_19_ISS_open_data_2021-03-10_casi_provincie,2021-03-11,2021-03-10,0
11/03/2021,7.0,AOSTA,8228,COVID_19_ISS_open_data_2021-03-10_casi_provincie,2021-03-11,2021-03-10,0
11/03/2021,8.0,IMPERIA,11274,COVID_19_ISS_open_data_2021-03-10_casi_provincie,2021-03-11,2021-03-10,0
11/03/2021,9.0,SAVONA,12412,COVID_19_ISS_open_data_2021-03-10_casi_provincie,2021-03-11,2021-03-10,0
11/03/2021,10.0,GENOVA,44481,COVID_19_ISS_open_data_2021-03-10_casi_provincie,2021-03-11,2021-03-10,0
11/03/2021,11.0,LA SPEZIA,11589,COVID_19_ISS_open_data_2021-03-10_casi_provincie,2021-03-11,2021-03-10,0
11/03/2021,12.0,VARESE,66046,COVID_19_ISS_open_data_2021-03-10_casi_provincie,2021-03-11,2021-03-10,0
11/03/2021,13.0,COMO,45568,COVID_19_ISS_open_data_2021-03-10_casi_provincie,2021-03-11,2021-03-10,0
11/03/2021,14.0,SONDRIO,11557,COVID_19_ISS_open_data_2021-03-10_casi_provincie,2021-03-11,2021-03-10,0
11/03/2021,15.0,MILANO,217389,COVID_19_ISS_open_data_2021-03-10_casi_provincie,2021-03-11,2021-03-10,0
11/03/2021,16.0,BERGAMO,38438,COVID_19_ISS_open_data_2021-03-10_casi_provincie,2021-03-11,2021-03-10,0
11/03/2021,17.0,BRESCIA,77542,COVID_19_ISS_open_data_2021-03-10_casi_provincie,2021-03-11,2021-03-10,0
11/03/2021,18.0,PAVIA,34207,COVID_19_ISS_open_data_2021-03-10_casi_provincie,2021-03-11,2021-03-10,0
11/03/2021,19.0,CREMONA,19297,COVID_19_ISS_open_data_2021-03-10_casi_provincie,2021-03-11,2021-03-10,0
11/03/2021,20.0,MANTOVA,25653,COVID_19_ISS_open_data_2021-03-10_casi_provincie,2021-03-11,2021-03-10,0
11/03/2021,21.0,BOLZANO,53765,COVID_19_ISS_open_data_2021-03-10_casi_provincie,2021-03-11,2021-03-10,0
11/03/2021,22.0,TRENTO,36964,COVID_19_ISS_open_data_2021-03-10_casi_provincie,2021-03-11,2021-03-10,0
11/03/2021,23.0,VERONA,67220,COVID_19_ISS_open_data_2021-03-10_casi_provincie,2021-03-11,2021-03-10,0
11/03/2021,24.0,VICENZA,57904,COVID_19_ISS_open_data_2021-03-10_casi_provincie,2021-03-11,2021-03-10,0
11/03/2021,25.0,BELLUNO,18447,COVID_19_ISS_open_data_2021-03-10_casi_provincie,2021-03-11,2021-03-10,0
11/03/2021,26.0,TREVISO,68119,COVID_19_ISS_open_data_2021-03-10_casi_provincie,2021-03-11,2021-03-10,0
11/03/2021,27.0,VENEZIA,56749,COVID_19_ISS_open_data_2021-03-10_casi_provincie,2021-03-11,2021-03-10,0
11/03/2021,28.0,PADOVA,65410,COVID_19_ISS_open_data_2021-03-10_casi_provincie,2021-03-11,2021-03-10,0
11/03/2021,29.0,ROVIGO,11405,COVID_19_ISS_open_data_2021-03-10_casi_provincie,2021-03-11,2021-03-10,0
11/03/2021,30.0,UDINE,37363,COVID_19_ISS_open_data_2021-03-10_casi_provincie,2021-03-11,2021-03-10,0
11/03/2021,31.0,GORIZIA,9534,COVID_19_ISS_open_data_2021-03-10_casi_provincie,2021-03-11,2021-03-10,0
11/03/2021,32.0,TRIESTE,15124,COVID_19_ISS_open_data_2021-03-10_casi_provincie,2021-03-11,2021-03-10,0
11/03/2021,33.0,PIACENZA,20223,COVID_19_ISS_open_data_2021-03-10_casi_provincie,2021-03-11,2021-03-10,0
11/03/2021,34.0,PARMA,19137,COVID_19_ISS_open_data_2021-03-10_casi_provincie,2021-03-11,2021-03-10,0
11/03/2021,35.0,REGGIO NELL'EMILIA,36619,COVID_19_ISS_open_data_2021-03-10_casi_provincie,2021-03-11,2021-03-10,0
11/03/2021,36.0,MODENA,49272,COVID_19_ISS_open_data_2021-03-10_casi_provincie,2021-03-11,2021-03-10,0
11/03/2021,37.0,BOLOGNA,69906,COVID_19_ISS_open_data_2021-03-10_casi_provincie,2021-03-11,2021-03-10,0
11/03/2021,38.0,FERRARA,16641,COVID_19_ISS_open_data_2021-03-10_casi_provincie,2021-03-11,2021-03-10,0
11/03/2021,39.0,RAVENNA,21977,COVID_19_ISS_open_data_2021-03-10_casi_provincie,2021-03-11,2021-03-10,0
11/03/2021,40.0,FORLI'-CESENA,24688,COVID_19_ISS_open_data_2021-03-10_casi_provincie,2021-03-11,2021-03-10,0
11/03/2021,41.0,PESARO E URBINO,16089,COVID_19_ISS_open_data_2021-03-10_casi_provincie,2021-03-11,2021-03-10,0
11/03/2021,42.0,ANCONA,24352,COVID_19_ISS_open_data_2021-03-10_casi_provincie,2021-03-11,2021-03-10,0
11/03/2021,43.0,MACERATA,15076,COVID_19_ISS_open_data_2021-03-10_casi_provincie,2021-03-11,2021-03-10,0
11/03/2021,44.0,ASCOLI PICENO,7468,COVID_19_ISS_open_data_2021-03-10_casi_provincie,2021-03-11,2021-03-10,0
11/03/2021,45.0,MASSA CARRARA,10125,COVID_19_ISS_open_data_2021-03-10_casi_provincie,2021-03-11,2021-03-10,0
11/03/2021,46.0,LUCCA,16880,COVID_19_ISS_open_data_2021-03-10_casi_provincie,2021-03-11,2021-03-10,0
11/03/2021,47.0,PISTOIA,15845,COVID_19_ISS_open_data_2021-03-10_casi_provincie,2021-03-11,2021-03-10,0
11/03/2021,48.0,FIRENZE,44458,COVID_19_ISS_open_data_2021-03-10_casi_provincie,2021-03-11,2021-03-10,0
11/03/2021,49.0,LIVORNO,12402,COVID_19_ISS_open_data_2021-03-10_casi_provincie,2021-03-11,2021-03-10,0
11/03/2021,50.0,PISA,21096,COVID_19_ISS_open_data_2021-03-10_casi_provincie,2021-03-11,2021-03-10,0
11/03/2021,51.0,AREZZO,15436,COVID_19_ISS_open_data_2021-03-10_casi_provincie,2021-03-11,2021-03-10,0
11/03/2021,52.0,SIENA,8890,COVID_19_ISS_open_data_2021-03-10_casi_provincie,2021-03-11,2021-03-10,0
11/03/2021,53.0,GROSSETO,5575,COVID_19_ISS_open_data_2021-03-10_casi_provincie,2021-03-11,2021-03-10,0
11/03/2021,54.0,PERUGIA,37276,COVID_19_ISS_open_data_2021-03-10_casi_provincie,2021-03-11,2021-03-10,0
11/03/2021,55.0,TERNI,9442,COVID_19_ISS_open_data_2021-03-10_casi_provincie,2021-03-11,2021-03-10,0
11/03/2021,56.0,VITERBO,12284,COVID_19_ISS_open_data_2021-03-10_casi_provincie,2021-03-11,2021-03-10,0
11/03/2021,57.0,RIETI,7584,COVID_19_ISS_open_data_2021-03-10_casi_provincie,2021-03-11,2021-03-10,0
11/03/2021,58.0,ROMA,167856,COVID_19_ISS_open_data_2021-03-10_casi_provincie,2021-03-11,2021-03-10,0
11/03/2021,59.0,LATINA,23329,COVID_19_ISS_open_data_2021-03-10_casi_provincie,2021-03-11,2021-03-10,0
11/03/2021,60.0,FROSINONE,22197,COVID_19_ISS_open_data_2021-03-10_casi_provincie,2021-03-11,2021-03-10,0
11/03/2021,61.0,CASERTA,43059,COVID_19_ISS_open_data_2021-03-10_casi_provincie,2021-03-11,2021-03-10,0
11/03/2021,62.0,BENEVENTO,8067,COVID_19_ISS_open_data_2021-03-10_casi_provincie,2021-03-11,2021-03-10,0
11/03/2021,63.0,NAPOLI,164916,COVID_19_ISS_open_data_2021-03-10_casi_provincie,2021-03-11,2021-03-10,0
11/03/2021,64.0,AVELLINO,11328,COVID_19_ISS_open_data_2021-03-10_casi_provincie,2021-03-11,2021-03-10,0
11/03/2021,65.0,SALERNO,37154,COVID_19_ISS_open_data_2021-03-10_casi_provincie,2021-03-11,2021-03-10,0
11/03/2021,66.0,L'AQUILA,14308,COVID_19_ISS_open_data_2021-03-10_casi_provincie,2021-03-11,2021-03-10,0
11/03/2021,67.0,TERAMO,13831,COVID_19_ISS_open_data_2021-03-10_casi_provincie,2021-03-11,2021-03-10,0
11/03/2021,68.0,PESCARA,15605,COVID_19_ISS_open_data_2021-03-10_casi_provincie,2021-03-11,2021-03-10,0
11/03/2021,69.0,CHIETI,14934,COVID_19_ISS_open_data_2021-03-10_casi_provincie,2021-03-11,2021-03-10,0
11/03/2021,70.0,CAMPOBASSO,8423,COVID_19_ISS_open_data_2021-03-10_casi_provincie,2021-03-11,2021-03-10,0
11/03/2021,71.0,FOGGIA,31590,COVID_19_ISS_open_data_2021-03-10_casi_provincie,2021-03-11,2021-03-10,0
11/03/2021,72.0,BARI,62900,COVID_19_ISS_open_data_2021-03-10_casi_provincie,2021-03-11,2021-03-10,0
11/03/2021,73.0,TARANTO,24202,COVID_19_ISS_open_data_2021-03-10_casi_provincie,2021-03-11,2021-03-10,0
11/03/2021,74.0,BRINDISI,11871,COVID_19_ISS_open_data_2021-03-10_casi_provincie,2021-03-11,2021-03-10,0
11/03/2021,75.0,LECCE,14264,COVID_19_ISS_open_data_2021-03-10_casi_provincie,2021-03-11,2021-03-10,0
11/03/2021,76.0,POTENZA,11319,COVID_19_ISS_open_data_2021-03-10_casi_provincie,2021-03-11,2021-03-10,0
11/03/2021,77.0,MATERA,5631,COVID_19_ISS_open_data_2021-03-10_casi_provincie,2021-03-11,2021-03-10,0
11/03/2021,78.0,COSENZA,11719,COVID_19_ISS_open_data_2021-03-10_casi_provincie,2021-03-11,2021-03-10,0
11/03/2021,79.0,CATANZARO,5333,COVID_19_ISS_open_data_2021-03-10_casi_provincie,2021-03-11,2021-03-10,0
11/03/2021,80.0,REGGIO DI CALABRIA,15841,COVID_19_ISS_open_data_2021-03-10_casi_provincie,2021-03-11,2021-03-10,0
11/03/2021,81.0,TRAPANI,11035,COVID_19_ISS_open_data_2021-03-10_casi_provincie,2021-03-11,2021-03-10,0
11/03/2021,82.0,PALERMO,46434,COVID_19_ISS_open_data_2021-03-10_casi_provincie,2021-03-11,2021-03-10,0
11/03/2021,83.0,MESSINA,20652,COVID_19_ISS_open_data_2021-03-10_casi_provincie,2021-03-11,2021-03-10,0
11/03/2021,84.0,AGRIGENTO,7124,COVID_19_ISS_open_data_2021-03-10_casi_provincie,2021-03-11,2021-03-10,0
11/03/2021,85.0,CALTANISSETTA,7404,COVID_19_ISS_open_data_2021-03-10_casi_provincie,2021-03-11,2021-03-10,0
11/03/2021,86.0,ENNA,4374,COVID_19_ISS_open_data_2021-03-10_casi_provincie,2021-03-11,2021-03-10,0
11/03/2021,87.0,CATANIA,43556,COVID_19_ISS_open_data_2021-03-10_casi_provincie,2021-03-11,2021-03-10,0
11/03/2021,88.0,RAGUSA,8841,COVID_19_ISS_open_data_2021-03-10_casi_provincie,2021-03-11,2021-03-10,0
11/03/2021,89.0,SIRACUSA,11278,COVID_19_ISS_open_data_2021-03-10_casi_provincie,2021-03-11,2021-03-10,0
11/03/2021,90.0,SASSARI,14392,COVID_19_ISS_open_data_2021-03-10_casi_provincie,2021-03-11,2021-03-10,0
11/03/2021,91.0,NUORO,7345,COVID_19_ISS_open_data_2021-03-10_casi_provincie,2021-03-11,2021-03-10,0
11/03/2021,92.0,CAGLIARI,10032,COVID_19_ISS_open_data_2021-03-10_casi_provincie,2021-03-11,2021-03-10,0
11/03/2021,93.0,PORDENONE,17370,COVID_19_ISS_open_data_2021-03-10_casi_provincie,2021-03-11,2021-03-10,0
11/03/2021,94.0,ISERNIA,3296,COVID_19_ISS_open_data_2021-03-10_casi_provincie,2021-03-11,2021-03-10,0
11/03/2021,95.0,ORISTANO,3619,COVID_19_ISS_open_data_2021-03-10_casi_provincie,2021-03-11,2021-03-10,0
11/03/2021,96.0,BIELLA,8323,COVID_19_ISS_open_data_2021-03-10_casi_provincie,2021-03-11,2021-03-10,0
11/03/2021,97.0,LECCO,18688,COVID_19_ISS_open_data_2021-03-10_casi_provincie,2021-03-11,2021-03-10,0
11/03/2021,98.0,LODI,13859,COVID_19_ISS_open_data_2021-03-10_casi_provincie,2021-03-11,2021-03-10,0
11/03/2021,99.0,RIMINI,26800,COVID_19_ISS_open_data_2021-03-10_casi_provincie,2021-03-11,2021-03-10,0
11/03/2021,100.0,PRATO,14081,COVID_19_ISS_open_data_2021-03-10_casi_provincie,2021-03-11,2021-03-10,0
11/03/2021,101.0,CROTONE,3300,COVID_19_ISS_open_data_2021-03-10_casi_provincie,2021-03-11,2021-03-10,0
11/03/2021,102.0,VIBO VALENTIA,3857,COVID_19_ISS_open_data_2021-03-10_casi_provincie,2021-03-11,2021-03-10,0
11/03/2021,103.0,VERBANO-CUSIO-OSSOLA,9944,COVID_19_ISS_open_data_2021-03-10_casi_provincie,2021-03-11,2021-03-10,0
11/03/2021,108.0,MONZA E DELLA BRIANZA,60973,COVID_19_ISS_open_data_2021-03-10_casi_provincie,2021-03-11,2021-03-10,0
11/03/2021,109.0,FERMO,7918,COVID_19_ISS_open_data_2021-03-10_casi_provincie,2021-03-11,2021-03-10,0
11/03/2021,110.0,BARLETTA-ANDRIA-TRANI,16720,COVID_19_ISS_open_data_2021-03-10_casi_provincie,2021-03-11,2021-03-10,0
11/03/2021,111.0,SUD SARDEGNA,6446,COVID_19_ISS_open_data_2021-03-10_casi_provincie,2021-03-11,2021-03-10,0
11/03/2021,,,55299,COVID_19_ISS_open_data_2021-03-10_casi_provincie,2021-03-11,2021-03-10,0
28/03/2021,1.0,TORINO,160071,COVID_19_ISS_open_data_2021-03-27_casi_provincie,2021-03-28,2021-03-27,0
28/03/2021,2.0,VERCELLI,11479,COVID_19_ISS_open_data_2021-03-27_casi_provincie,2021-03-28,2021-03-27,0
28/03/2021,3.0,NOVARA,23453,COVID_19_ISS_open_data_2021-03-27_casi_provincie,2021-03-28,2021-03-27,0
28/03/2021,4.0,CUNEO,41817,COVID_19_ISS_open_data_2021-03-27_casi_provincie,2021-03-28,2021-03-27,0
28/03/2021,5.0,ASTI,14533,COVID_19_ISS_open_data_2021-03-27_casi_provincie,2021-03-28,2021-03-27,0
28/03/2021,6.0,ALESSANDRIA,24887,COVID_19_ISS_open_data_2021-03-27_casi_provincie,2021-03-28,2021-03-27,0
28/03/2021,7.0,AOSTA,9095,COVID_19_ISS_open_data_2021-03-27_casi_provincie,2021-03-28,2021-03-27,0
28/03/2021,8.0,IMPERIA,12367,COVID_19_ISS_open_data_2021-03-27_casi_provincie,2021-03-28,2021-03-27,0
28/03/2021,9.0,SAVONA,13791,COVID_19_ISS_open_data_2021-03-27_casi_provincie,2021-03-28,2021-03-27,0
28/03/2021,10.0,GENOVA,47649,COVID_19_ISS_open_data_2021-03-27_casi_provincie,2021-03-28,2021-03-27,0
28/03/2021,11.0,LA SPEZIA,12369,COVID_19_ISS_open_data_2021-03-27_casi_provincie,2021-03-28,2021-03-27,0
28/03/2021,12.0,VARESE,72974,COVID_19_ISS_open_data_2021-03-27_casi_provincie,2021-03-28,2021-03-27,0
28/03/2021,13.0,COMO,51070,COVID_19_ISS_open_data_2021-03-27_casi_provincie,2021-03-28,2021-03-27,0
28/03/2021,14.0,SONDRIO,13030,COVID_19_ISS_open_data_2021-03-27_casi_provincie,2021-03-28,2021-03-27,0
28/03/2021,15.0,MILANO,239030,COVID_19_ISS_open_data_2021-03-27_casi_provincie,2021-03-28,2021-03-27,0
28/03/2021,16.0,BERGAMO,44049,COVID_19_ISS_open_data_2021-03-27_casi_provincie,2021-03-28,2021-03-27,0
28/03/2021,17.0,BRESCIA,91804,COVID_19_ISS_open_data_2021-03-27_casi_provincie,2021-03-28,2021-03-27,0
28/03/2021,18.0,PAVIA,38876,COVID_19_ISS_open_data_2021-03-27_casi_provincie,2021-03-28,2021-03-27,0
28/03/2021,19.0,CREMONA,22620,COVID_19_ISS_open_data_2021-03-27_casi_provincie,2021-03-28,2021-03-27,0
28/03/2021,20.0,MANTOVA,30175,COVID_19_ISS_open_data_2021-03-27_casi_provincie,2021-03-28,2021-03-27,0
28/03/2021,21.0,BOLZANO,55704,COVID_19_ISS_open_data_2021-03-27_casi_provincie,2021-03-28,2021-03-27,0
28/03/2021,22.0,TRENTO,40868,COVID_19_ISS_open_data_2021-03-27_casi_provincie,2021-03-28,2021-03-27,0
28/03/2021,23.0,VERONA,72150,COVID_19_ISS_open_data_2021-03-27_casi_provincie,2021-03-28,2021-03-27,0
28/03/2021,24.0,VICENZA,62428,COVID_19_ISS_open_data_2021-03-27_casi_provincie,2021-03-28,2021-03-27,0
28/03/2021,25.0,BELLUNO,19504,COVID_19_ISS_open_data_2021-03-27_casi_provincie,2021-03-28,2021-03-27,0
28/03/2021,26.0,TREVISO,72337,COVID_19_ISS_open_data_2021-03-27_casi_provincie,2021-03-28,2021-03-27,0
28/03/2021,27.0,VENEZIA,61894,COVID_19_ISS_open_data_2021-03-27_casi_provincie,2021-03-28,2021-03-27,0
28/03/2021,28.0,PADOVA,71291,COVID_19_ISS_open_data_2021-03-27_casi_provincie,2021-03-28,2021-03-27,0
28/03/2021,29.0,ROVIGO,12513,COVID_19_ISS_open_data_2021-03-27_casi_provincie,2021-03-28,2021-03-27,0
28/03/2021,30.0,UDINE,44105,COVID_19_ISS_open_data_2021-03-27_casi_provincie,2021-03-28,2021-03-27,0
28/03/2021,31.0,GORIZIA,11131,COVID_19_ISS_open_data_2021-03-27_casi_provincie,2021-03-28,2021-03-27,0
28/03/2021,32.0,TRIESTE,17195,COVID_19_ISS_open_data_2021-03-27_casi_provincie,2021-03-28,2021-03-27,0
28/03/2021,33.0,PIACENZA,21206,COVID_19_ISS_open_data_2021-03-27_casi_provincie,2021-03-28,2021-03-27,0
28/03/2021,34.0,PARMA,22240,COVID_19_ISS_open_data_2021-03-27_casi_provincie,2021-03-28,2021-03-27,0
28/03/2021,35.0,REGGIO NELL'EMILIA,40504,COVID_19_ISS_open_data_2021-03-27_casi_provincie,2021-03-28,2021-03-27,0
28/03/2021,36.0,MODENA,55874,COVID_19_ISS_open_data_2021-03-27_casi_provincie,2021-03-28,2021-03-27,0
28/03/2021,37.0,BOLOGNA,81357,COVID_19_ISS_open_data_2021-03-27_casi_provincie,2021-03-28,2021-03-27,0
28/03/2021,38.0,FERRARA,19573,COVID_19_ISS_open_data_2021-03-27_casi_provincie,2021-03-28,2021-03-27,0
28/03/2021,39.0,RAVENNA,25778,COVID_19_ISS_open_data_2021-03-27_casi_provincie,2021-03-28,2021-03-27,0
28/03/2021,40.0,FORLI'-CESENA,29552,COVID_19_ISS_open_data_2021-03-27_casi_provincie,2021-03-28,2021-03-27,0
28/03/2021,41.0,PESARO E URBINO,18512,COVID_19_ISS_open_data_2021-03-27_casi_provincie,2021-03-28,2021-03-27,0
28/03/2021,42.0,ANCONA,28785,COVID_19_ISS_open_data_2021-03-27_casi_provincie,2021-03-28,2021-03-27,0
28/03/2021,43.0,MACERATA,17630,COVID_19_ISS_open_data_2021-03-27_casi_provincie,2021-03-28,2021-03-27,0
28/03/2021,44.0,ASCOLI PICENO,8502,COVID_19_ISS_open_data_2021-03-27_casi_provincie,2021-03-28,2021-03-27,0
28/03/2021,45.0,MASSA CARRARA,11012,COVID_19_ISS_open_data_2021-03-27_casi_provincie,2021-03-28,2021-03-27,0
28/03/2021,46.0,LUCCA,19419,COVID_19_ISS_open_data_2021-03-27_casi_provincie,2021-03-28,2021-03-27,0
28/03/2021,47.0,PISTOIA,18101,COVID_19_ISS_open_data_2021-03-27_casi_provincie,2021-03-28,2021-03-27,0
28/03/2021,48.0,FIRENZE,50140,COVID_19_ISS_open_data_2021-03-27_casi_provincie,2021-03-28,2021-03-27,0
28/03/2021,49.0,LIVORNO,13817,COVID_19_ISS_open_data_2021-03-27_casi_provincie,2021-03-28,2021-03-27,0
28/03/2021,50.0,PISA,23610,COVID_19_ISS_open_data_2021-03-27_casi_provincie,2021-03-28,2021-03-27,0
28/03/2021,51.0,AREZZO,17657,COVID_19_ISS_open_data_2021-03-27_casi_provincie,2021-03-28,2021-03-27,0
28/03/2021,52.0,SIENA,10070,COVID_19_ISS_open_data_2021-03-27_casi_provincie,2021-03-28,2021-03-27,0
28/03/2021,53.0,GROSSETO,6797,COVID_19_ISS_open_data_2021-03-27_casi_provincie,2021-03-28,2021-03-27,0
28/03/2021,54.0,PERUGIA,39505,COVID_19_ISS_open_data_2021-03-27_casi_provincie,2021-03-28,2021-03-27,0
28/03/2021,55.0,TERNI,10299,COVID_19_ISS_open_data_2021-03-27_casi_provincie,2021-03-28,2021-03-27,0
28/03/2021,56.0,VITERBO,13178,COVID_19_ISS_open_data_2021-03-27_casi_provincie,2021-03-28,2021-03-27,0
28/03/2021,57.0,RIETI,8195,COVID_19_ISS_open_data_2021-03-27_casi_provincie,2021-03-28,2021-03-27,0
28/03/2021,58.0,ROMA,183035,COVID_19_ISS_open_data_2021-03-27_casi_provincie,2021-03-28,2021-03-27,0
28/03/2021,59.0,LATINA,25638,COVID_19_ISS_open_data_2021-03-27_casi_provincie,2021-03-28,2021-03-27,0
28/03/2021,60.0,FROSINONE,25509,COVID_19_ISS_open_data_2021-03-27_casi_provincie,2021-03-28,2021-03-27,0
28/03/2021,61.0,CASERTA,48322,COVID_19_ISS_open_data_2021-03-27_casi_provincie,2021-03-28,2021-03-27,0
28/03/2021,62.0,BENEVENTO,9243,COVID_19_ISS_open_data_2021-03-27_casi_provincie,2021-03-28,2021-03-27,0
28/03/2021,63.0,NAPOLI,187349,COVID_19_ISS_open_data_2021-03-27_casi_provincie,2021-03-28,2021-03-27,0
28/03/2021,64.0,AVELLINO,13517,COVID_19_ISS_open_data_2021-03-27_casi_provincie,2021-03-28,2021-03-27,0
28/03/2021,65.0,SALERNO,43159,COVID_19_ISS_open_data_2021-03-27_casi_provincie,2021-03-28,2021-03-27,0
28/03/2021,66.0,L'AQUILA,15913,COVID_19_ISS_open_data_2021-03-27_casi_provincie,2021-03-28,2021-03-27,0
28/03/2021,67.0,TERAMO,15204,COVID_19_ISS_open_data_2021-03-27_casi_provincie,2021-03-28,2021-03-27,0
28/03/2021,68.0,PESCARA,17114,COVID_19_ISS_open_data_2021-03-27_casi_provincie,2021-03-28,2021-03-27,0
28/03/2021,69.0,CHIETI,16681,COVID_19_ISS_open_data_2021-03-27_casi_provincie,2021-03-28,2021-03-27,0
28/03/2021,70.0,CAMPOBASSO,9070,COVID_19_ISS_open_data_2021-03-27_casi_provincie,2021-03-28,2021-03-27,0
28/03/2021,71.0,FOGGIA,35285,COVID_19_ISS_open_data_2021-03-27_casi_provincie,2021-03-28,2021-03-27,0
28/03/2021,72.0,BARI,73958,COVID_19_ISS_open_data_2021-03-27_casi_provincie,2021-03-28,2021-03-27,0
28/03/2021,73.0,TARANTO,28750,COVID_19_ISS_open_data_2021-03-27_casi_provincie,2021-03-28,2021-03-27,0
28/03/2021,74.0,BRINDISI,13695,COVID_19_ISS_open_data_2021-03-27_casi_provincie,2021-03-28,2021-03-27,0
28/03/2021,75.0,LECCE,17614,COVID_19_ISS_open_data_2021-03-27_casi_provincie,2021-03-28,2021-03-27,0
28/03/2021,76.0,POTENZA,12538,COVID_19_ISS_open_data_2021-03-27_casi_provincie,2021-03-28,2021-03-27,0
28/03/2021,77.0,MATERA,6380,COVID_19_ISS_open_data_2021-03-27_casi_provincie,2021-03-28,2021-03-27,0
28/03/2021,78.0,COSENZA,13803,COVID_19_ISS_open_data_2021-03-27_casi_provincie,2021-03-28,2021-03-27,0
28/03/2021,79.0,CATANZARO,6218,COVID_19_ISS_open_data_2021-03-27_casi_provincie,2021-03-28,2021-03-27,0
28/03/2021,80.0,REGGIO DI CALABRIA,17060,COVID_19_ISS_open_data_2021-03-27_casi_provincie,2021-03-28,2021-03-27,0
28/03/2021,81.0,TRAPANI,11402,COVID_19_ISS_open_data_2021-03-27_casi_provincie,2021-03-28,2021-03-27,0
28/03/2021,82.0,PALERMO,51299,COVID_19_ISS_open_data_2021-03-27_casi_provincie,2021-03-28,2021-03-27,0
28/03/2021,83.0,MESSINA,21391,COVID_19_ISS_open_data_2021-03-27_casi_provincie,2021-03-28,2021-03-27,0
28/03/2021,84.0,AGRIGENTO,8291,COVID_19_ISS_open_data_2021-03-27_casi_provincie,2021-03-28,2021-03-27,0
28/03/2021,85.0,CALTANISSETTA,8260,COVID_19_ISS_open_data_2021-03-27_casi_provincie,2021-03-28,2021-03-27,0
28/03/2021,86.0,ENNA,4775,COVID_19_ISS_open_data_2021-03-27_casi_provincie,2021-03-28,2021-03-27,0
28/03/2021,87.0,CATANIA,45862,COVID_19_ISS_open_data_2021-03-27_casi_provincie,2021-03-28,2021-03-27,0
28/03/2021,88.0,RAGUSA,9413,COVID_19_ISS_open_data_2021-03-27_casi_provincie,2021-03-28,2021-03-27,0
28/03/2021,89.0,SIRACUSA,12212,COVID_19_ISS_open_data_2021-03-27_casi_provincie,2021-03-28,2021-03-27,0
28/03/2021,90.0,SASSARI,15045,COVID_19_ISS_open_data_2021-03-27_casi_provincie,2021-03-28,2021-03-27,0
28/03/2021,91.0,NUORO,7799,COVID_19_ISS_open_data_2021-03-27_casi_provincie,2021-03-28,2021-03-27,0
28/03/2021,92.0,CAGLIARI,10829,COVID_19_ISS_open_data_2021-03-27_casi_provincie,2021-03-28,2021-03-27,0
28/03/2021,93.0,PORDENONE,18741,COVID_19_ISS_open_data_2021-03-27_casi_provincie,2021-03-28,2021-03-27,0
28/03/2021,94.0,ISERNIA,3542,COVID_19_ISS_open_data_2021-03-27_casi_provincie,2021-03-28,2021-03-27,0
28/03/2021,95.0,ORISTANO,3807,COVID_19_ISS_open_data_2021-03-27_casi_provincie,2021-03-28,2021-03-27,0
28/03/2021,96.0,BIELLA,8957,COVID_19_ISS_open_data_2021-03-27_casi_provincie,2021-03-28,2021-03-27,0
28/03/2021,97.0,LECCO,21434,COVID_19_ISS_open_data_2021-03-27_casi_provincie,2021-03-28,2021-03-27,0
28/03/2021,98.0,LODI,15125,COVID_19_ISS_open_data_2021-03-27_casi_provincie,2021-03-28,2021-03-27,0
28/03/2021,99.0,RIMINI,30890,COVID_19_ISS_open_data_2021-03-27_casi_provincie,2021-03-28,2021-03-27,0
28/03/2021,100.0,PRATO,16552,COVID_19_ISS_open_data_2021-03-27_casi_provincie,2021-03-28,2021-03-27,0
28/03/2021,101.0,CROTONE,4058,COVID_19_ISS_open_data_2021-03-27_casi_provincie,2021-03-28,2021-03-27,0
28/03/2021,102.0,VIBO VALENTIA,4363,COVID_19_ISS_open_data_2021-03-27_casi_provincie,2021-03-28,2021-03-27,0
28/03/2021,103.0,VERBANO-CUSIO-OSSOLA,11101,COVID_19_ISS_open_data_2021-03-27_casi_provincie,2021-03-28,2021-03-27,0
28/03/2021,108.0,MONZA E DELLA BRIANZA,69089,COVID_19_ISS_open_data_2021-03-27_casi_provincie,2021-03-28,2021-03-27,0
28/03/2021,109.0,FERMO,8972,COVID_19_ISS_open_data_2021-03-27_casi_provincie,2021-03-28,2021-03-27,0
28/03/2021,110.0,BARLETTA-ANDRIA-TRANI,18583,COVID_19_ISS_open_data_2021-03-27_casi_provincie,2021-03-28,2021-03-27,0
28/03/2021,111.0,SUD SARDEGNA,6756,COVID_19_ISS_open_data_2021-03-27_casi_provincie,2021-03-28,2021-03-27,0
28/03/2021,,,61525,COVID_19_ISS_open_data_2021-03-27_casi_provincie,2021-03-28,2021-03-27,0
01/08/2021,1,TORINO,196376,COVID_19_ISS_open_data_2021-08-02_casi_provincie,2021-08-01,2021-08-02,0
01/08/2021,2,VERCELLI,13834,COVID_19_ISS_open_data_2021-08-02_casi_provincie,2021-08-01,2021-08-02,0
01/08/2021,3,NOVARA,28613,COVID_19_ISS_open_data_2021-08-02_casi_provincie,2021-08-01,2021-08-02,0
01/08/2021,4,CUNEO,52865,COVID_19_ISS_open_data_2021-08-02_casi_provincie,2021-08-01,2021-08-02,0
01/08/2021,5,ASTI,17591,COVID_19_ISS_open_data_2021-08-02_casi_provincie,2021-08-01,2021-08-02,0
01/08/2021,6,ALESSANDRIA,30135,COVID_19_ISS_open_data_2021-08-02_casi_provincie,2021-08-01,2021-08-02,0
01/08/2021,7,AOSTA,11745,COVID_19_ISS_open_data_2021-08-02_casi_provincie,2021-08-01,2021-08-02,0
01/08/2021,8,IMPERIA,15486,COVID_19_ISS_open_data_2021-08-02_casi_provincie,2021-08-01,2021-08-02,0
01/08/2021,9,SAVONA,17210,COVID_19_ISS_open_data_2021-08-02_casi_provincie,2021-08-01,2021-08-02,0
01/08/2021,10,GENOVA,55866,COVID_19_ISS_open_data_2021-08-02_casi_provincie,2021-08-01,2021-08-02,0
01/08/2021,11,LA SPEZIA,14808,COVID_19_ISS_open_data_2021-08-02_casi_provincie,2021-08-01,2021-08-02,0
01/08/2021,12,VARESE,87319,COVID_19_ISS_open_data_2021-08-02_casi_provincie,2021-08-01,2021-08-02,0
01/08/2021,13,COMO,60104,COVID_19_ISS_open_data_2021-08-02_casi_provincie,2021-08-01,2021-08-02,0
01/08/2021,14,SONDRIO,15502,COVID_19_ISS_open_data_2021-08-02_casi_provincie,2021-08-01,2021-08-02,0
01/08/2021,15,MILANO,276899,COVID_19_ISS_open_data_2021-08-02_casi_provincie,2021-08-01,2021-08-02,0
01/08/2021,16,BERGAMO,54122,COVID_19_ISS_open_data_2021-08-02_casi_provincie,2021-08-01,2021-08-02,0
01/08/2021,17,BRESCIA,107752,COVID_19_ISS_open_data_2021-08-02_casi_provincie,2021-08-01,2021-08-02,0
01/08/2021,18,PAVIA,44610,COVID_19_ISS_open_data_2021-08-02_casi_provincie,2021-08-01,2021-08-02,0
01/08/2021,19,CREMONA,27134,COVID_19_ISS_open_data_2021-08-02_casi_provincie,2021-08-01,2021-08-02,0
01/08/2021,20,MANTOVA,36816,COVID_19_ISS_open_data_2021-08-02_casi_provincie,2021-08-01,2021-08-02,0
01/08/2021,21,BOLZANO,64435,COVID_19_ISS_open_data_2021-08-02_casi_provincie,2021-08-01,2021-08-02,0
01/08/2021,22,TRENTO,46416,COVID_19_ISS_open_data_2021-08-02_casi_provincie,2021-08-01,2021-08-02,0
01/08/2021,23,VERONA,86790,COVID_19_ISS_open_data_2021-08-02_casi_provincie,2021-08-01,2021-08-02,0
01/08/2021,24,VICENZA,72256,COVID_19_ISS_open_data_2021-08-02_casi_provincie,2021-08-01,2021-08-02,0
01/08/2021,25,BELLUNO,21350,COVID_19_ISS_open_data_2021-08-02_casi_provincie,2021-08-01,2021-08-02,0
01/08/2021,26,TREVISO,82695,COVID_19_ISS_open_data_2021-08-02_casi_provincie,2021-08-01,2021-08-02,0
01/08/2021,27,VENEZIA,72086,COVID_19_ISS_open_data_2021-08-02_casi_provincie,2021-08-01,2021-08-02,0
01/08/2021,28,PADOVA,83241,COVID_19_ISS_open_data_2021-08-02_casi_provincie,2021-08-01,2021-08-02,0
01/08/2021,29,ROVIGO,14451,COVID_19_ISS_open_data_2021-08-02_casi_provincie,2021-08-01,2021-08-02,0
01/08/2021,30,UDINE,49758,COVID_19_ISS_open_data_2021-08-02_casi_provincie,2021-08-01,2021-08-02,0
01/08/2021,31,GORIZIA,13068,COVID_19_ISS_open_data_2021-08-02_casi_provincie,2021-08-01,2021-08-02,0
01/08/2021,32,TRIESTE,21581,COVID_19_ISS_open_data_2021-08-02_casi_provincie,2021-08-01,2021-08-02,0
01/08/2021,33,PIACENZA,23969,COVID_19_ISS_open_data_2021-08-02_casi_provincie,2021-08-01,2021-08-02,0
01/08/2021,34,PARMA,28976,COVID_19_ISS_open_data_2021-08-02_casi_provincie,2021-08-01,2021-08-02,0
01/08/2021,35,REGGIO NELL'EMILIA,48797,COVID_19_ISS_open_data_2021-08-02_casi_provincie,2021-08-01,2021-08-02,0
01/08/2021,36,MODENA,66003,COVID_19_ISS_open_data_2021-08-02_casi_provincie,2021-08-01,2021-08-02,0
01/08/2021,37,BOLOGNA,95400,COVID_19_ISS_open_data_2021-08-02_casi_provincie,2021-08-01,2021-08-02,0
01/08/2021,38,FERRARA,23694,COVID_19_ISS_open_data_2021-08-02_casi_provincie,2021-08-01,2021-08-02,0
01/08/2021,39,RAVENNA,31108,COVID_19_ISS_open_data_2021-08-02_casi_provincie,2021-08-01,2021-08-02,0
01/08/2021,40,FORLI'-CESENA,37381,COVID_19_ISS_open_data_2021-08-02_casi_provincie,2021-08-01,2021-08-02,0
01/08/2021,41,PESARO E URBINO,24503,COVID_19_ISS_open_data_2021-08-02_casi_provincie,2021-08-01,2021-08-02,0
01/08/2021,42,ANCONA,34355,COVID_19_ISS_open_data_2021-08-02_casi_provincie,2021-08-01,2021-08-02,0
01/08/2021,43,MACERATA,22404,COVID_19_ISS_open_data_2021-08-02_casi_provincie,2021-08-01,2021-08-02,0
01/08/2021,44,ASCOLI PICENO,11814,COVID_19_ISS_open_data_2021-08-02_casi_provincie,2021-08-01,2021-08-02,0
01/08/2021,45,MASSA CARRARA,13351,COVID_19_ISS_open_data_2021-08-02_casi_provincie,2021-08-01,2021-08-02,0
01/08/2021,46,LUCCA,25249,COVID_19_ISS_open_data_2021-08-02_casi_provincie,2021-08-01,2021-08-02,0
01/08/2021,47,PISTOIA,23482,COVID_19_ISS_open_data_2021-08-02_casi_provincie,2021-08-01,2021-08-02,0
01/08/2021,48,FIRENZE,68426,COVID_19_ISS_open_data_2021-08-02_casi_provincie,2021-08-01,2021-08-02,0
01/08/2021,49,LIVORNO,17598,COVID_19_ISS_open_data_2021-08-02_casi_provincie,2021-08-01,2021-08-02,0
01/08/2021,50,PISA,29624,COVID_19_ISS_open_data_2021-08-02_casi_provincie,2021-08-01,2021-08-02,0
01/08/2021,51,AREZZO,23383,COVID_19_ISS_open_data_2021-08-02_casi_provincie,2021-08-01,2021-08-02,0
01/08/2021,52,SIENA,14039,COVID_19_ISS_open_data_2021-08-02_casi_provincie,2021-08-01,2021-08-02,0
01/08/2021,53,GROSSETO,9339,COVID_19_ISS_open_data_2021-08-02_casi_provincie,2021-08-01,2021-08-02,0
01/08/2021,54,PERUGIA,45747,COVID_19_ISS_open_data_2021-08-02_casi_provincie,2021-08-01,2021-08-02,0
01/08/2021,55,TERNI,12160,COVID_19_ISS_open_data_2021-08-02_casi_provincie,2021-08-01,2021-08-02,0
01/08/2021,56,VITERBO,16359,COVID_19_ISS_open_data_2021-08-02_casi_provincie,2021-08-01,2021-08-02,0
01/08/2021,57,RIETI,10501,COVID_19_ISS_open_data_2021-08-02_casi_provincie,2021-08-01,2021-08-02,0
01/08/2021,58,ROMA,263640,COVID_19_ISS_open_data_2021-08-02_casi_provincie,2021-08-01,2021-08-02,0
01/08/2021,59,LATINA,34282,COVID_19_ISS_open_data_2021-08-02_casi_provincie,2021-08-01,2021-08-02,0
01/08/2021,60,FROSINONE,31309,COVID_19_ISS_open_data_2021-08-02_casi_provincie,2021-08-01,2021-08-02,0
01/08/2021,61,CASERTA,66729,COVID_19_ISS_open_data_2021-08-02_casi_provincie,2021-08-01,2021-08-02,0
01/08/2021,62,BENEVENTO,13809,COVID_19_ISS_open_data_2021-08-02_casi_provincie,2021-08-01,2021-08-02,0
01/08/2021,63,NAPOLI,264625,COVID_19_ISS_open_data_2021-08-02_casi_provincie,2021-08-01,2021-08-02,0
01/08/2021,64,AVELLINO,20050,COVID_19_ISS_open_data_2021-08-02_casi_provincie,2021-08-01,2021-08-02,0
01/08/2021,65,SALERNO,61389,COVID_19_ISS_open_data_2021-08-02_casi_provincie,2021-08-01,2021-08-02,0
01/08/2021,66,L'AQUILA,19743,COVID_19_ISS_open_data_2021-08-02_casi_provincie,2021-08-01,2021-08-02,0
01/08/2021,67,TERAMO,18577,COVID_19_ISS_open_data_2021-08-02_casi_provincie,2021-08-01,2021-08-02,0
01/08/2021,68,PESCARA,18798,COVID_19_ISS_open_data_2021-08-02_casi_provincie,2021-08-01,2021-08-02,0
01/08/2021,69,CHIETI,20032,COVID_19_ISS_open_data_2021-08-02_casi_provincie,2021-08-01,2021-08-02,0
01/08/2021,70,CAMPOBASSO,10470,COVID_19_ISS_open_data_2021-08-02_casi_provincie,2021-08-01,2021-08-02,0
01/08/2021,71,FOGGIA,46046,COVID_19_ISS_open_data_2021-08-02_casi_provincie,2021-08-01,2021-08-02,0
01/08/2021,72,BARI,96465,COVID_19_ISS_open_data_2021-08-02_casi_provincie,2021-08-01,2021-08-02,0
01/08/2021,73,TARANTO,40182,COVID_19_ISS_open_data_2021-08-02_casi_provincie,2021-08-01,2021-08-02,0
01/08/2021,74,BRINDISI,20367,COVID_19_ISS_open_data_2021-08-02_casi_provincie,2021-08-01,2021-08-02,0
01/08/2021,75,LECCE,28232,COVID_19_ISS_open_data_2021-08-02_casi_provincie,2021-08-01,2021-08-02,0
01/08/2021,76,POTENZA,18256,COVID_19_ISS_open_data_2021-08-02_casi_provincie,2021-08-01,2021-08-02,0
01/08/2021,77,MATERA,9273,COVID_19_ISS_open_data_2021-08-02_casi_provincie,2021-08-01,2021-08-02,0
01/08/2021,78,COSENZA,23905,COVID_19_ISS_open_data_2021-08-02_casi_provincie,2021-08-01,2021-08-02,0
01/08/2021,79,CATANZARO,10290,COVID_19_ISS_open_data_2021-08-02_casi_provincie,2021-08-01,2021-08-02,0
01/08/2021,80,REGGIO DI CALABRIA,24202,COVID_19_ISS_open_data_2021-08-02_casi_provincie,2021-08-01,2021-08-02,0
01/08/2021,81,TRAPANI,15190,COVID_19_ISS_open_data_2021-08-02_casi_provincie,2021-08-01,2021-08-02,0
01/08/2021,82,PALERMO,71698,COVID_19_ISS_open_data_2021-08-02_casi_provincie,2021-08-01,2021-08-02,0
01/08/2021,83,MESSINA,27824,COVID_19_ISS_open_data_2021-08-02_casi_provincie,2021-08-01,2021-08-02,0
01/08/2021,84,AGRIGENTO,14717,COVID_19_ISS_open_data_2021-08-02_casi_provincie,2021-08-01,2021-08-02,0
01/08/2021,85,CALTANISSETTA,14107,COVID_19_ISS_open_data_2021-08-02_casi_provincie,2021-08-01,2021-08-02,0
01/08/2021,86,ENNA,6962,COVID_19_ISS_open_data_2021-08-02_casi_provincie,2021-08-01,2021-08-02,0
01/08/2021,87,CATANIA,62506,COVID_19_ISS_open_data_2021-08-02_casi_provincie,2021-08-01,2021-08-02,0
01/08/2021,88,RAGUSA,14945,COVID_19_ISS_open_data_2021-08-02_casi_provincie,2021-08-01,2021-08-02,0
01/08/2021,89,SIRACUSA,17437,COVID_19_ISS_open_data_2021-08-02_casi_provincie,2021-08-01,2021-08-02,0
01/08/2021,90,SASSARI,19445,COVID_19_ISS_open_data_2021-08-02_casi_provincie,2021-08-01,2021-08-02,0
01/08/2021,91,NUORO,10257,COVID_19_ISS_open_data_2021-08-02_casi_provincie,2021-08-01,2021-08-02,0
01/08/2021,92,CAGLIARI,16720,COVID_19_ISS_open_data_2021-08-02_casi_provincie,2021-08-01,2021-08-02,0
01/08/2021,93,PORDENONE,21302,COVID_19_ISS_open_data_2021-08-02_casi_provincie,2021-08-01,2021-08-02,0
01/08/2021,94,ISERNIA,3947,COVID_19_ISS_open_data_2021-08-02_casi_provincie,2021-08-01,2021-08-02,0
01/08/2021,95,ORISTANO,5548,COVID_19_ISS_open_data_2021-08-02_casi_provincie,2021-08-01,2021-08-02,0
01/08/2021,96,BIELLA,10863,COVID_19_ISS_open_data_2021-08-02_casi_provincie,2021-08-01,2021-08-02,0
01/08/2021,97,LECCO,25096,COVID_19_ISS_open_data_2021-08-02_casi_provincie,2021-08-01,2021-08-02,0
01/08/2021,98,LODI,17483,COVID_19_ISS_open_data_2021-08-02_casi_provincie,2021-08-01,2021-08-02,0
01/08/2021,99,RIMINI,36972,COVID_19_ISS_open_data_2021-08-02_casi_provincie,2021-08-01,2021-08-02,0
01/08/2021,100,PRATO,22689,COVID_19_ISS_open_data_2021-08-02_casi_provincie,2021-08-01,2021-08-02,0
01/08/2021,101,CROTONE,7138,COVID_19_ISS_open_data_2021-08-02_casi_provincie,2021-08-01,2021-08-02,0
01/08/2021,102,VIBO VALENTIA,5785,COVID_19_ISS_open_data_2021-08-02_casi_provincie,2021-08-01,2021-08-02,0
01/08/2021,103,VERBANO-CUSIO-OSSOLA,13024,COVID_19_ISS_open_data_2021-08-02_casi_provincie,2021-08-01,2021-08-02,0
01/08/2021,108,MONZA E DELLA BRIANZA,80265,COVID_19_ISS_open_data_2021-08-02_casi_provincie,2021-08-01,2021-08-02,0
01/08/2021,109,FERMO,10672,COVID_19_ISS_open_data_2021-08-02_casi_provincie,2021-08-01,2021-08-02,0
01/08/2021,110,BARLETTA-ANDRIA-TRANI,26055,COVID_19_ISS_open_data_2021-08-02_casi_provincie,2021-08-01,2021-08-02,0
01/08/2021,111,SUD SARDEGNA,9441,COVID_19_ISS_open_data_2021-08-02_casi_provincie,2021-08-01,2021-08-02,0
01/08/2021,,,47180,COVID_19_ISS_open_data_2021-08-02_casi_provincie,2021-08-01,2021-08-02,0
